{"duration": 2.19, "audio_filepath": "audio/54b244a8-664f-4221-afe3-b31a465055f2_000071.wav", "text": "And the illegal", "pred_text": "and illegal", "wer": 0.6666666666666666, "tokens": 3, "ins_rate": 0.0, "del_rate": 0.3333333333333333, "sub_rate": 0.3333333333333333}
