{
    "default": {
        "pitch_mean": 178.86880493164062,
        "pitch_std": 60.64979553222656
    },
    "0": {
        "pitch_mean": 197.2708740234375,
        "pitch_std": 35.892852783203125
    },
    "1": {
        "pitch_mean": 234.60362243652344,
        "pitch_std": 38.88813400268555
    },
    "2": {
        "pitch_mean": 203.17225646972656,
        "pitch_std": 34.18667984008789
    },
    "3": {
        "pitch_mean": 238.3095245361328,
        "pitch_std": 43.137847900390625
    },
    "4": {
        "pitch_mean": 221.8051300048828,
        "pitch_std": 27.60563087463379
    },
    "5": {
        "pitch_mean": 226.83657836914062,
        "pitch_std": 46.73488235473633
    },
    "6": {
        "pitch_mean": 189.14840698242188,
        "pitch_std": 30.724699020385742
    },
    "7": {
        "pitch_mean": 190.27627563476562,
        "pitch_std": 34.7774772644043
    },
    "8": {
        "pitch_mean": 224.3539581298828,
        "pitch_std": 33.73379135131836
    },
    "9": {
        "pitch_mean": 205.34474182128906,
        "pitch_std": 33.80565643310547
    },
    "10": {
        "pitch_mean": 233.47853088378906,
        "pitch_std": 34.39165115356445
    },
    "11": {
        "pitch_mean": 195.2850341796875,
        "pitch_std": 44.15889358520508
    },
    "12": {
        "pitch_mean": 226.1820831298828,
        "pitch_std": 52.36901092529297
    },
    "13": {
        "pitch_mean": 188.7163848876953,
        "pitch_std": 26.2874698638916
    },
    "14": {
        "pitch_mean": 171.9974822998047,
        "pitch_std": 29.0289306640625
    },
    "15": {
        "pitch_mean": 216.69219970703125,
        "pitch_std": 38.709903717041016
    },
    "16": {
        "pitch_mean": 221.02432250976562,
        "pitch_std": 34.614097595214844
    },
    "17": {
        "pitch_mean": 250.41810607910156,
        "pitch_std": 51.910274505615234
    },
    "18": {
        "pitch_mean": 226.70376586914062,
        "pitch_std": 39.36729431152344
    },
    "19": {
        "pitch_mean": 189.3934326171875,
        "pitch_std": 27.052085876464844
    },
    "20": {
        "pitch_mean": 185.7735137939453,
        "pitch_std": 26.734973907470703
    },
    "21": {
        "pitch_mean": 175.68267822265625,
        "pitch_std": 42.75159454345703
    },
    "22": {
        "pitch_mean": 228.62506103515625,
        "pitch_std": 60.815040588378906
    },
    "23": {
        "pitch_mean": 217.7362060546875,
        "pitch_std": 36.19001007080078
    },
    "24": {
        "pitch_mean": 218.3446044921875,
        "pitch_std": 31.669570922851562
    },
    "25": {
        "pitch_mean": 213.00143432617188,
        "pitch_std": 51.128875732421875
    },
    "26": {
        "pitch_mean": 244.52389526367188,
        "pitch_std": 33.64316940307617
    },
    "27": {
        "pitch_mean": 213.2508544921875,
        "pitch_std": 34.915855407714844
    },
    "28": {
        "pitch_mean": 227.52748107910156,
        "pitch_std": 37.789981842041016
    },
    "29": {
        "pitch_mean": 252.1189727783203,
        "pitch_std": 42.65591049194336
    },
    "30": {
        "pitch_mean": 213.59352111816406,
        "pitch_std": 29.232328414916992
    },
    "31": {
        "pitch_mean": 156.02191162109375,
        "pitch_std": 40.88801574707031
    },
    "32": {
        "pitch_mean": 116.7184066772461,
        "pitch_std": 17.705617904663086
    },
    "33": {
        "pitch_mean": 158.2248992919922,
        "pitch_std": 42.55880355834961
    },
    "34": {
        "pitch_mean": 101.43338012695312,
        "pitch_std": 15.700368881225586
    },
    "35": {
        "pitch_mean": 119.19222259521484,
        "pitch_std": 20.743959426879883
    },
    "36": {
        "pitch_mean": 136.69871520996094,
        "pitch_std": 26.521215438842773
    },
    "37": {
        "pitch_mean": 123.8517074584961,
        "pitch_std": 24.57501220703125
    },
    "38": {
        "pitch_mean": 129.69955444335938,
        "pitch_std": 22.182819366455078
    },
    "39": {
        "pitch_mean": 134.3291778564453,
        "pitch_std": 24.299501419067383
    },
    "40": {
        "pitch_mean": 141.3503875732422,
        "pitch_std": 18.609159469604492
    },
    "41": {
        "pitch_mean": 101.6695327758789,
        "pitch_std": 15.383441925048828
    },
    "42": {
        "pitch_mean": 145.57614135742188,
        "pitch_std": 27.8859920501709
    },
    "43": {
        "pitch_mean": 142.37672424316406,
        "pitch_std": 25.676607131958008
    },
    "44": {
        "pitch_mean": 252.46868896484375,
        "pitch_std": 49.79918670654297
    },
    "45": {
        "pitch_mean": 256.33746337890625,
        "pitch_std": 45.884056091308594
    },
    "46": {
        "pitch_mean": 250.79722595214844,
        "pitch_std": 52.356285095214844
    },
    "47": {
        "pitch_mean": 295.825439453125,
        "pitch_std": 66.06942749023438
    },
    "48": {
        "pitch_mean": 219.4206085205078,
        "pitch_std": 39.33143997192383
    },
    "49": {
        "pitch_mean": 223.02684020996094,
        "pitch_std": 50.3682746887207
    },
    "50": {
        "pitch_mean": 208.67491149902344,
        "pitch_std": 38.92941665649414
    },
    "51": {
        "pitch_mean": 218.04627990722656,
        "pitch_std": 42.838809967041016
    },
    "52": {
        "pitch_mean": 251.11489868164062,
        "pitch_std": 49.69317626953125
    },
    "53": {
        "pitch_mean": 189.4552001953125,
        "pitch_std": 32.33970260620117
    },
    "54": {
        "pitch_mean": 178.30947875976562,
        "pitch_std": 19.83651351928711
    },
    "55": {
        "pitch_mean": 259.55364990234375,
        "pitch_std": 45.591590881347656
    },
    "56": {
        "pitch_mean": 224.40016174316406,
        "pitch_std": 47.991844177246094
    },
    "57": {
        "pitch_mean": 133.20323181152344,
        "pitch_std": 28.930471420288086
    },
    "58": {
        "pitch_mean": 120.77828216552734,
        "pitch_std": 18.579017639160156
    },
    "59": {
        "pitch_mean": 157.05836486816406,
        "pitch_std": 25.737499237060547
    },
    "60": {
        "pitch_mean": 161.04998779296875,
        "pitch_std": 40.627891540527344
    },
    "61": {
        "pitch_mean": 160.3502960205078,
        "pitch_std": 26.204113006591797
    },
    "62": {
        "pitch_mean": 107.93781280517578,
        "pitch_std": 15.803629875183105
    },
    "63": {
        "pitch_mean": 121.93983459472656,
        "pitch_std": 25.803892135620117
    },
    "64": {
        "pitch_mean": 127.2394790649414,
        "pitch_std": 21.524925231933594
    },
    "65": {
        "pitch_mean": 151.34519958496094,
        "pitch_std": 22.797822952270508
    },
    "66": {
        "pitch_mean": 150.32872009277344,
        "pitch_std": 34.04497146606445
    },
    "67": {
        "pitch_mean": 110.47537994384766,
        "pitch_std": 33.58335494995117
    },
    "68": {
        "pitch_mean": 122.07746124267578,
        "pitch_std": 23.761920928955078
    },
    "69": {
        "pitch_mean": 120.49057006835938,
        "pitch_std": 18.60302734375
    },
    "70": {
        "pitch_mean": 123.41700744628906,
        "pitch_std": 22.166826248168945
    },
    "71": {
        "pitch_mean": 162.3733673095703,
        "pitch_std": 43.99684143066406
    },
    "72": {
        "pitch_mean": 131.8741455078125,
        "pitch_std": 32.53601837158203
    },
    "73": {
        "pitch_mean": 126.00946807861328,
        "pitch_std": 23.03782844543457
    },
    "74": {
        "pitch_mean": 113.34467315673828,
        "pitch_std": 20.40096664428711
    },
    "75": {
        "pitch_mean": 223.40487670898438,
        "pitch_std": 35.907989501953125
    },
    "76": {
        "pitch_mean": 225.55926513671875,
        "pitch_std": 35.23030471801758
    },
    "77": {
        "pitch_mean": 246.47198486328125,
        "pitch_std": 35.113590240478516
    },
    "78": {
        "pitch_mean": 214.15151977539062,