{"train_time_metrics": {"nvcr.io/nvidian/bignlp-training:22.08.05-py": [1661757868.677268, 3.656455], "nvcr.io/nvidian/bignlp-training:22.06.10-py": [1658454973.39369, 4.07], "nvcr.io/nvidian/bignlp-training:22.08.11-py": [1663141827.06638, 3.759123800000001]}, "peak_memory_metrics": {}}