{"train_time_metrics": {"nvcr.io/nvidian/bignlp-training:22.08.11-py": [1663135310.7858782, 0.8536134000000001, 94.79], "nvcr.io/nvidian/bignlp-training:22.09.05-py": [1664676376.9120805, 0.8537392000000003, 99.66], "nvcr.io/nvidian/bignlp-train:22.10-b937171d": [1670674428.686034, 0.7182645999999999, 118.45]}, "peak_memory_metrics": {"nvcr.io/nvidian/bignlp-training:22.09.05-py": [1665005143.0998108, 70738.0]}}