{"train_time_metrics": {"nvcr.io/nvidian/bignlp-training:22.06.10-py": [1658454973.39369, 5.98, 67.65], "nvcr.io/nvidian/bignlp-training:22.08.11-py": [1663059868.6970928, 5.6738192000000005, 71.3], "nvcr.io/nvidian/bignlp-training:22.09.05-py": [1664675863.2907972, 5.4423325999999985, 78.17]}, "peak_memory_metrics": {}}