{"best": 3.514369, "nvcr.io/nvidian/bignlp-training:22.08.05-py*1661746096.19251": 3.514369}