{"train_time_metrics": {"nvcr.io/nvidian/bignlp-training:22.08.05-py": [1661757868.677268, 3.656455, 110.64], "nvcr.io/nvidian/bignlp-training:22.06.10-py": [1658454973.39369, 4.07, 99.4], "nvcr.io/nvidian/bignlp-training:22.08.11-py": [1663141827.06638, 3.759123800000001, 107.62], "nvcr.io/nvidian/bignlp-training:22.09.05-py": [1664675513.11175, 3.7699622000000006, 112.84]}, "peak_memory_metrics": {"nvcr.io/nvidian/bignlp-training:22.08.11-py": [1663645379.0761445, 69110.0]}}