{"best": 0.27, "nvcr.io/nvidian/bignlp-training:22.08.05-py*1661745379.2231758": 0.24783579999999994, "nvcr.io/nvidian/bignlp-training:22.06.10-py*1658454973.39369": 0.27}