{"train_time_metrics": {"nvcr.io/nvidian/bignlp-training:22.08.05-py": [1661746348.9970782, 7.4924610000000005, 53.99], "nvcr.io/nvidian/bignlp-training:22.06.10-py": [1658454973.39369, 8.25, 49.04], "nvcr.io/nvidian/bignlp-training:22.08.11-py": [1663061077.255611, 7.485277000000002, 54.05], "nvcr.io/nvidian/bignlp-training:22.09.05-py": [1664676532.0895622, 7.303758400000001, 58.25]}, "peak_memory_metrics": {"nvcr.io/nvidian/bignlp-training:22.08.11-py": [1663647786.728713, 28066.0]}}