{"train_time_metrics": {"nvcr.io/nvidian/bignlp-training:22.08.05-py": [1661759536.1550238, 15.1794156, 106.61], "nvcr.io/nvidian/bignlp-training:22.06.10-py": [1658454973.39369, 15.1, 107.17], "nvcr.io/nvidian/bignlp-training:22.08.11-py": [1663061275.7470767, 14.831940199999998, 109.1], "nvcr.io/nvidian/bignlp-training:22.09.05-py": [1664675984.622756, 15.022527999999996, 113.27]}, "peak_memory_metrics": {}}