{"train_time_metrics": {"nvcr.io/nvidian/bignlp-training:22.08.05-py": [1661746274.5687554, 6.955713], "nvcr.io/nvidian/bignlp-training:22.06.10-py": [1658454973.39369, 7.6], "nvcr.io/nvidian/bignlp-training:22.08.11-py": [1663060083.1230688, 6.916334999999999]}, "peak_memory_metrics": {}}