{"train_time_metrics": {"nvcr.io/nvidian/bignlp-training:22.08.05-py": [1661759476.3998334, 15.111417599999992], "nvcr.io/nvidian/bignlp-training:22.06.10-py": [1658454973.39369, 15.11], "nvcr.io/nvidian/bignlp-training:22.08.11-py": [1663138102.1804588, 14.9190102]}, "peak_memory_metrics": {"nvcr.io/nvidian/bignlp-training:22.08.11-py": [1663645286.2974327, 36504.0]}}