{"train_time_metrics": {"nvcr.io/nvidian/bignlp-training:22.08.05-py": [1661746152.6165144, 2.2884960000000003], "nvcr.io/nvidian/bignlp-training:22.06.10-py": [1658454973.39369, 2.34], "nvcr.io/nvidian/bignlp-training:22.08.11-py": [1663135165.2117424, 2.477607]}, "peak_memory_metrics": {}}