{"train_time_metrics": {"nvcr.io/nvidian/bignlp-training:22.08.05-py": [1661747132.2554867, 5.066458, 73.14], "nvcr.io/nvidian/bignlp-training:22.06.10-py": [1658454973.39369, 7.0, 52.93], "nvcr.io/nvidian/bignlp-training:22.08.11-py": [1663063072.6889782, 6.086049400000002, 60.88], "nvcr.io/nvidian/bignlp-training:22.09.05-py": [1664677291.650449, 5.9378258000000015, 63.28]}, "peak_memory_metrics": {"nvcr.io/nvidian/bignlp-training:22.09.05-py": [1665006810.698214, 72396.0]}}