{"train_time_metrics": {"nvcr.io/nvidian/bignlp-training:22.08.05-py": [1661739835.473921, 0.8174473999999999], "nvcr.io/nvidian/bignlp-training:22.06.10-py": [1658454973.39369, 0.89], "nvcr.io/nvidian/bignlp-training:22.08.11-py": [1663057686.7325726, 0.8224864000000001]}, "peak_memory_metrics": {"nvcr.io/nvidian/bignlp-training:22.08.11-py": [1663645383.3726091, 35608.0]}}