{"train_time_metrics": {"nvcr.io/nvidian/bignlp-training:22.08.05-py": [1661758262.2885227, 2.8458898, 111.63], "nvcr.io/nvidian/bignlp-training:22.06.10-py": [1658454973.39369, 3.04, 104.5], "nvcr.io/nvidian/bignlp-training:22.08.11-py": [1663061171.8353071, 3.2906100000000005, 96.54], "nvcr.io/nvidian/bignlp-training:22.09.05-py": [1664676176.179545, 3.4141292000000005, 95.49]}, "peak_memory_metrics": {"nvcr.io/nvidian/bignlp-training:22.08.11-py": [1663645169.0697136, 68550.0]}}