{"best": 11.46, "nvcr.io/nvidian/bignlp-training:22.08.05-py*1661759040.8720746": 11.544655, "nvcr.io/nvidian/bignlp-training:22.06.10-py*1658454973.39369": 11.46}