{"best": 7.6, "nvcr.io/nvidian/bignlp-training:22.08.05-py*1661746274.5687554": 6.955713, "nvcr.io/nvidian/bignlp-training:22.06.10-py*1658454973.39369": 7.6}