{"train_time_metrics": {"nvcr.io/nvidian/bignlp-training:22.08.05-py": [1661743995.5972974, 0.29012080000000007, 36.09], "nvcr.io/nvidian/bignlp-training:22.06.10-py": [1658454973.39369, 0.23, 45.53], "nvcr.io/nvidian/bignlp-training:22.08.11-py": [1663059887.5480888, 0.24106660000000005, 43.44], "nvcr.io/nvidian/bignlp-training:22.09.05-py": [1664674796.8849998, 0.22630039999999998, 70.85]}, "peak_memory_metrics": {}}