{"train_time_metrics": {"nvcr.io/nvidian/bignlp-training:22.08.05-py": [1661743995.5972974, 0.29012080000000007], "nvcr.io/nvidian/bignlp-training:22.06.10-py": [1658454973.39369, 0.23], "nvcr.io/ea-bignlp/bignlp-training:22.08-py3": [1663194787.9371474, 0.2463276]}, "peak_memory_metrics": {}}