{"train_time_metrics": {"nvcr.io/nvidian/bignlp-training:22.08.05-py": [1661759536.1550238, 15.1794156], "nvcr.io/nvidian/bignlp-training:22.06.10-py": [1658454973.39369, 15.1], "nvcr.io/nvidian/bignlp-training:22.08.11-py": [1663061275.7470767, 14.831940199999998]}, "peak_memory_metrics": {"nvcr.io/nvidian/bignlp-training:22.08.11-py": [1663647024.9721415, 43324.0]}}