{"train_time_metrics": {"nvcr.io/nvidian/bignlp-training:22.08.05-py": [1661759040.8720746, 11.544655, 140.17], "nvcr.io/nvidian/bignlp-training:22.06.10-py": [1658454973.39369, 11.46, 141.21], "nvcr.io/nvidian/bignlp-training:22.08.11-py": [1663136278.3506017, 11.470612199999998, 141.07]}, "peak_memory_metrics": {"nvcr.io/nvidian/bignlp-training:22.08.11-py": [1663643922.1850529, 59844.0]}}