{"train_time_metrics": {"nvcr.io/nvidian/bignlp-training:22.08.05-py": [1661746028.6396894, 3.0448999999999997, 132.86], "nvcr.io/nvidian/bignlp-training:22.06.10-py": [1658454973.39369, 3.18, 127.22], "nvcr.io/nvidian/bignlp-training:22.08.11-py": [1663058647.8422294, 3.2820481999999993, 123.26], "nvcr.io/nvidian/bignlp-training:22.09.05-py": [1665004904.3389018, 3.3019073999999993, 128.84]}, "peak_memory_metrics": {}}