{"train_time_metrics": {"nvcr.io/nvidian/bignlp-training:22.08.05-py": [1661759386.39369, 14.015838799999997, 115.46], "nvcr.io/nvidian/bignlp-training:22.06.10-py": [1658454973.39369, 14.17, 114.2], "nvcr.io/nvidian/bignlp-training:22.08.11-py": [1663059381.595768, 13.951398400000002, 115.99]}, "peak_memory_metrics": {"nvcr.io/nvidian/bignlp-training:22.08.11-py": [1663645967.0624573, 40116.0]}}