{"train_time_metrics": {"nvcr.io/nvidian/bignlp-training:22.08.05-py": [1661759040.8720746, 11.544655, 140.17], "nvcr.io/nvidian/bignlp-training:22.06.10-py": [1658454973.39369, 11.46, 141.21], "nvcr.io/nvidian/bignlp-training:22.08.11-py": [1663136278.3506017, 11.470612199999998, 141.07], "nvcr.io/nvidian/bignlp-training:22.09.05-py": [1664676145.209364, 11.48345, 148.18]}, "peak_memory_metrics": {"nvcr.io/nvidian/bignlp-training:22.09.05-py": [1665000857.9492412, 73024.0]}}