{"train_time_metrics": {"nvcr.io/nvidian/bignlp-training:22.08.05-py": [1661758106.1198683, 0.6602172222222222], "nvcr.io/nvidian/bignlp-training:22.06.10-py": [1658454973.39369, 0.72], "nvcr.io/nvidian/bignlp-training:22.08.11-py": [1663135310.7858782, 0.8536134000000001]}, "peak_memory_metrics": {"nvcr.io/nvidian/bignlp-training:22.08.11-py": [1663643906.2710016, 63502.0]}}