{"train_time_metrics": {"nvcr.io/nvidian/bignlp-training:22.08.05-py": [1661758031.6080635, 3.135795600000002, 129.01], "nvcr.io/nvidian/bignlp-training:22.06.10-py": [1658454973.39369, 3.29, 122.96], "nvcr.io/nvidian/bignlp-training:22.08.11-py": [1663060253.1969562, 3.1721050000000015, 127.53]}, "peak_memory_metrics": {"nvcr.io/nvidian/bignlp-training:22.09.05-py": [1665014280.0866022, 81178.0]}}