{"train_time_metrics": {"nvcr.io/nvidian/bignlp-training:22.08.05-py": [1661758920.765409, 10.8354654, 149.34], "nvcr.io/nvidian/bignlp-training:22.06.10-py": [1658454973.39369, 10.86, 149.01], "nvcr.io/nvidian/bignlp-training:22.08.11-py": [1663137503.5390806, 10.886780999999996, 148.64], "nvcr.io/nvidian/bignlp-training:22.09.05-py": [1664676400.2107148, 10.750086999999999, 158.29], "nvcr.io/nvidian/bignlp-train:22.10-b937171d": [1670671093.8430946, 10.635690199999999, 159.99]}, "peak_memory_metrics": {"nvcr.io/nvidian/bignlp-training:22.09.05-py": [1665000480.9849603, 71188.0]}}