{"train_time_metrics": {"nvcr.io/nvidian/bignlp-training:22.08.05-py": [1661746348.9970782, 7.4924610000000005], "nvcr.io/nvidian/bignlp-training:22.06.10-py": [1658454973.39369, 8.25], "nvcr.io/nvidian/bignlp-training:22.08.11-py": [1663061077.255611, 7.485277000000002]}, "peak_memory_metrics": {}}