{"train_time_metrics": {"nvcr.io/nvidian/bignlp-training:22.08.05-py": [1661746152.6165144, 2.2884960000000003], "nvcr.io/nvidian/bignlp-training:22.06.10-py": [1658454973.39369, 2.34]}, "peak_memory_metrics": {}}