{"train_time_metrics": {"nvcr.io/nvidian/bignlp-training:22.08.05-py": [1661758920.765409, 10.8354654, 149.34], "nvcr.io/nvidian/bignlp-training:22.06.10-py": [1658454973.39369, 10.86, 149.01], "nvcr.io/nvidian/bignlp-training:22.08.11-py": [1663137503.5390806, 10.886780999999996, 148.64], "nvcr.io/nvidian/bignlp-training:22.09.05-py": [1664676400.2107148, 10.750086999999999, 158.29]}, "peak_memory_metrics": {"nvcr.io/nvidian/bignlp-training:22.08.11-py": [1663634815.3161783, 67716.0], "nvcr.io/nvidian/bignlp-training:22.09.05-py": [1664936754.1938882, 71044.0]}}