{"train_time_metrics": {"nvcr.io/nvidian/bignlp-training:22.08.05-py": [1661746096.19251, 3.514369, 115.11], "nvcr.io/nvidian/bignlp-training:22.06.10-py": [1658454973.39369, 3.96, 102.16], "nvcr.io/nvidian/bignlp-training:22.08.11-py": [1663136647.769346, 3.572479, 113.24], "nvcr.io/nvidian/bignlp-training:22.09.05-py": [1664675219.5414326, 3.5920306000000006, 118.43]}, "peak_memory_metrics": {"nvcr.io/nvidian/bignlp-training:22.08.11-py": [1663646587.0586026, 65188.0]}}