{"best": 3.04, "nvcr.io/nvidian/bignlp-training:22.08.05-py*1661758262.2885227": 2.8458898, "nvcr.io/nvidian/bignlp-training:22.06.10-py*1658454973.39369": 3.04}