{"train_time_metrics": {"nvcr.io/nvidian/bignlp-training:22.08.05-py": [1661739835.473921, 0.8174473999999999, 51.24], "nvcr.io/nvidian/bignlp-training:22.06.10-py": [1658454973.39369, 0.89, 47.06], "nvcr.io/nvidian/bignlp-training:22.08.11-py": [1663057686.7325726, 0.8224864000000001, 50.92], "nvcr.io/nvidian/bignlp-training:22.09.05-py": [1664674264.9454994, 0.8115207999999997, 79.02]}, "peak_memory_metrics": {"nvcr.io/nvidian/bignlp-training:22.08.11-py": [1663645383.3726091, 35608.0]}}