{"best": 15.1, "nvcr.io/nvidian/bignlp-training:22.08.05-py*1661759536.1550238": 15.1794156, "nvcr.io/nvidian/bignlp-training:22.06.10-py*1658454973.39369": 15.1}