{"train_time_metrics": {"nvcr.io/nvidian/bignlp-training:22.06.10-py": [1658454973.39369, 4.97, 81.4], "nvcr.io/nvidian/bignlp-training:22.08.11-py": [1663059025.2324662, 4.653063199999998, 86.94], "nvcr.io/nvidian/bignlp-training:22.09.05-py": [1664675622.9556508, 4.5865658, 92.75]}, "peak_memory_metrics": {}}