{"best": 0.72, "nvcr.io/nvidian/bignlp-training:22.08.05-py*1661758106.1198683": 0.6602172222222222, "nvcr.io/nvidian/bignlp-training:22.06.10-py*1658454973.39369": 0.72}