{"train_time_metrics": {"nvcr.io/nvidian/bignlp-training:22.08.05-py": [1661746152.6165144, 2.2884960000000003, 141.42], "nvcr.io/nvidian/bignlp-training:22.06.10-py": [1658454973.39369, 2.34, 138.31], "nvcr.io/nvidian/bignlp-training:22.08.11-py": [1663135165.2117424, 2.477607, 130.63], "nvcr.io/nvidian/bignlp-training:22.09.05-py": [1664675754.1948104, 2.4308710000000002, 140.0]}, "peak_memory_metrics": {"nvcr.io/nvidian/bignlp-training:22.09.05-py": [1664999266.0607648, 70612.0]}}