{"train_time_metrics": {"nvcr.io/nvidian/bignlp-training:22.08.05-py": [1661757895.8778396, 4.700958, 86.06], "nvcr.io/nvidian/bignlp-training:22.06.10-py": [1658454973.39369, 5.07, 79.79], "nvcr.io/nvidian/bignlp-training:22.08.11-py": [1663142035.4428184, 4.923182400000001, 82.17], "nvcr.io/nvidian/bignlp-training:22.09.05-py": [1664675676.2347038, 4.849397399999999, 87.72]}, "peak_memory_metrics": {}}