{"train_time_metrics": {"nvcr.io/nvidian/bignlp-training:22.08.05-py": [1661760596.2583404, 23.234513599999996, 69.65], "nvcr.io/nvidian/bignlp-training:22.06.10-py": [1658454973.39369, 23.34, 69.33], "nvcr.io/nvidian/bignlp-training:22.08.11-py": [1663060668.8045115, 22.835152800000007, 70.86], "nvcr.io/nvidian/bignlp-training:22.09.05-py": [1664677099.2849436, 23.207402, 73.32]}, "peak_memory_metrics": {"nvcr.io/nvidian/bignlp-training:22.09.05-py": [1665001322.6875074, 29240.0]}}