{"best": 8.25, "nvcr.io/nvidian/bignlp-training:22.08.05-py*1661746348.9970782": 7.4924610000000005, "nvcr.io/nvidian/bignlp-training:22.06.10-py*1658454973.39369": 8.25}