{"train_time_metrics": {"nvcr.io/nvidian/bignlp-training:22.08.05-py": [1661747132.2554867, 5.066458], "nvcr.io/nvidian/bignlp-training:22.06.10-py": [1658454973.39369, 7.0], "nvcr.io/nvidian/bignlp-training:22.08.11-py": [1663063072.6889782, 6.086049400000002]}, "peak_memory_metrics": {"nvcr.io/nvidian/bignlp-training:22.08.11-py": [1663644621.5092704, 70002.0]}}