{"train_time_metrics": {"nvcr.io/nvidian/bignlp-training:22.08.05-py": [1661746112.0061595, 3.7532070000000006, 107.79], "nvcr.io/nvidian/bignlp-training:22.06.10-py": [1658454973.39369, 4.14, 97.72], "nvcr.io/nvidian/bignlp-training:22.08.11-py": [1663059670.2748914, 3.7276447999999998, 108.53], "nvcr.io/nvidian/bignlp-training:22.09.05-py": [1664674494.9131095, 3.6967382, 115.08]}, "peak_memory_metrics": {"nvcr.io/nvidian/bignlp-training:22.08.11-py": [1663639432.2880838, 60816.0]}}