{"train_time_metrics": {"nvcr.io/nvidian/bignlp-training:22.08.05-py": [1661746900.1815526, 9.023303399999998, 140.83], "nvcr.io/nvidian/bignlp-training:22.06.10-py": [1658454973.39369, 9.27, 137.08], "nvcr.io/nvidian/bignlp-training:22.08.11-py": [1663137263.468415, 9.408436000000002, 135.06], "nvcr.io/nvidian/bignlp-training:22.09.05-py": [1664675066.32225, 9.5127406, 137.09]}, "peak_memory_metrics": {"nvcr.io/nvidian/bignlp-training:22.09.05-py": [1664998271.0570629, 70470.0]}}