{"train_time_metrics": {"nvcr.io/nvidian/bignlp-training:22.08.05-py": [1661757881.1829796, 4.324543], "nvcr.io/nvidian/bignlp-training:22.06.10-py": [1658454973.39369, 4.79], "nvcr.io/nvidian/bignlp-training:22.08.11-py": [1663135921.3371239, 4.457945599999999]}, "peak_memory_metrics": {"nvcr.io/nvidian/bignlp-training:22.08.11-py": [1663643212.3720002, 40214.0]}}