{"train_time_metrics": {"nvcr.io/nvidian/bignlp-training:22.08.05-py": [1661759056.2801878, 11.656584799999997, 138.82], "nvcr.io/nvidian/bignlp-training:22.06.10-py": [1658454973.39369, 11.56, 139.98], "nvcr.io/nvidian/bignlp-training:22.08.11-py": [1663060676.1008801, 11.5988648, 139.51], "nvcr.io/nvidian/bignlp-training:22.09.05-py": [1664675529.1789913, 11.654925200000001, 146.0]}, "peak_memory_metrics": {"nvcr.io/nvidian/bignlp-training:22.09.05-py": [1664935722.4014852, 81224.0]}}