{"train_time_metrics": {"nvcr.io/nvidian/bignlp-training:22.06.10-py": [1658454973.39369, 6.93, 58.38], "nvcr.io/nvidian/bignlp-training:22.08.11-py": [1663142152.0776384, 6.183224200000001, 65.43], "nvcr.io/nvidian/bignlp-training:22.09.05-py": [1664675602.7737792, 6.653706199999999, 63.94]}, "peak_memory_metrics": {}}