{"train_time_metrics": {"nvcr.io/nvidian/bignlp-training:22.08.05-py": [1661757978.806954, 6.495895], "nvcr.io/nvidian/bignlp-training:22.06.10-py": [1658454973.39369, 7.0], "nvcr.io/nvidian/bignlp-training:22.08.11-py": [1663059444.6041694, 6.679992800000001]}, "peak_memory_metrics": {}}