{"train_time_metrics": {"nvcr.io/nvidian/bignlp-training:22.08.05-py": [1661746028.6396894, 3.0448999999999997], "nvcr.io/nvidian/bignlp-training:22.06.10-py": [1658454973.39369, 3.18], "nvcr.io/nvidian/bignlp-training:22.08.11-py": [1663058647.8422294, 3.2820481999999993]}, "peak_memory_metrics": {}}