{"train_time_metrics": {"nvcr.io/nvidian/bignlp-training:22.08.05-py": [1661760591.3285139, 23.32252199999999, 69.38], "nvcr.io/nvidian/bignlp-training:22.06.10-py": [1658454973.39369, 23.11, 70.02], "nvcr.io/nvidian/bignlp-training:22.08.11-py": [1663060563.760659, 22.355281599999998, 72.39], "nvcr.io/nvidian/bignlp-training:22.09.05-py": [1664677657.2654462, 22.575504199999997, 75.38]}, "peak_memory_metrics": {}}