{"best": 0.86, "nvcr.io/nvidian/bignlp-training:22.08.05-py*1661743104.281354": 0.8871127999999997, "nvcr.io/nvidian/bignlp-training:22.06.10-py*1658454973.39369": 0.86}