{"train_time_metrics": {"nvcr.io/nvidian/bignlp-training:22.06.10-py": [1658454973.39369, 4.13, 97.95], "nvcr.io/nvidian/bignlp-training:22.08.11-py": [1663138981.927925, 3.9477218000000005, 102.48], "nvcr.io/nvidian/bignlp-training:22.09.05-py": [1664675321.1687973, 3.9594888, 107.44]}, "peak_memory_metrics": {}}