{"best": 3.29, "nvcr.io/nvidian/bignlp-training:22.08.05-py*1661758031.6080635": 3.135795600000002, "nvcr.io/nvidian/bignlp-training:22.06.10-py*1658454973.39369": 3.29}