{"train_time_metrics": {"nvcr.io/nvidian/bignlp-training:22.08.05-py": [1661760339.6799188, 21.377096600000005, 75.7], "nvcr.io/nvidian/bignlp-training:22.06.10-py": [1658454973.39369, 21.39, 75.65], "nvcr.io/nvidian/bignlp-training:22.08.11-py": [1663062222.2073953, 20.712060599999994, 78.13], "nvcr.io/nvidian/bignlp-training:22.09.05-py": [1664677594.5891182, 20.4300474, 83.29]}, "peak_memory_metrics": {"nvcr.io/nvidian/bignlp-training:22.09.05-py": [1664998515.6068866, 27272.0]}}