{"train_time_metrics": {"nvcr.io/nvidian/bignlp-training:22.08.05-py": [1661759091.1505861, 12.688067800000004, 116.81], "nvcr.io/nvidian/bignlp-training:22.06.10-py": [1658454973.39369, 14.74, 100.55], "nvcr.io/nvidian/bignlp-training:22.08.11-py": [1663061472.7456627, 14.554190799999997, 101.84], "nvcr.io/nvidian/bignlp-training:22.09.05-py": [1664675473.3240378, 13.419264600000002, 112.0]}, "peak_memory_metrics": {"nvcr.io/nvidian/bignlp-training:22.08.11-py": [1663641969.4787056, 70004.0], "nvcr.io/nvidian/bignlp-training:22.09.05-py": [1664986063.1200874, 72632.0]}}