{"train_time_metrics": {"nvcr.io/nvidian/bignlp-training:22.06.10-py": [1658454973.39369, 6.9, 58.63], "nvcr.io/nvidian/bignlp-training:22.08.11-py": [1663060477.2140493, 6.096470000000002, 66.36], "nvcr.io/nvidian/bignlp-training:22.09.05-py": [1664676085.4500258, 6.615254599999999, 64.31]}, "peak_memory_metrics": {"nvcr.io/nvidian/bignlp-training:22.09.05-py": [1664999446.2890916, 26022.0]}}