{"train_time_metrics": {"nvcr.io/nvidian/bignlp-training:22.08.05-py": [1661757984.095422, 7.364624000000001, 54.93], "nvcr.io/nvidian/bignlp-training:22.06.10-py": [1658454973.39369, 7.8, 51.87], "nvcr.io/nvidian/bignlp-training:22.08.11-py": [1663138754.7707164, 7.123609199999999, 56.79], "nvcr.io/nvidian/bignlp-training:22.09.05-py": [1664675182.226828, 7.341082000000001, 57.95]}, "peak_memory_metrics": {}}