{"train_time_metrics": {"nvcr.io/nvidian/bignlp-training:22.08.05-py": [1661739835.473921, 0.8174473999999999], "nvcr.io/nvidian/bignlp-training:22.06.10-py": [1658454973.39369, 0.89], "nvcr.io/ea-bignlp/bignlp-training:22.08-py3": [1663194908.1168196, 0.8253600000000002]}, "peak_memory_metrics": {}}