{"train_time_metrics": {"nvcr.io/nvidian/bignlp-training:22.08.05-py": [1661746274.5687554, 6.955713, 58.16], "nvcr.io/nvidian/bignlp-training:22.06.10-py": [1658454973.39369, 7.6, 53.23], "nvcr.io/nvidian/bignlp-training:22.08.11-py": [1663060083.1230688, 6.916334999999999, 58.49], "nvcr.io/nvidian/bignlp-training:22.09.05-py": [1664676517.767325, 6.783624, 62.71]}, "peak_memory_metrics": {"nvcr.io/nvidian/bignlp-training:22.08.11-py": [1663646141.8388412, 26874.0]}}