{"train_time_metrics": {"nvcr.io/nvidian/bignlp-training:22.08.05-py": [1661743104.281354, 0.8871127999999997, 73.84], "nvcr.io/nvidian/bignlp-training:22.06.10-py": [1658454973.39369, 0.86, 76.17], "nvcr.io/nvidian/bignlp-training:22.08.11-py": [1663134991.2354317, 0.8767859999999998, 74.71], "nvcr.io/nvidian/bignlp-training:22.09.05-py": [1664674885.1267023, 0.8843787999999999, 92.94]}, "peak_memory_metrics": {"nvcr.io/nvidian/bignlp-training:22.08.11-py": [1663645435.3839538, 26926.0], "nvcr.io/nvidian/bignlp-training:22.09.05-py": [1664914283.121152, 33488.0]}}