{"best": 23.11, "nvcr.io/nvidian/bignlp-training:22.08.05-py*1661760591.3285139": 23.32252199999999, "nvcr.io/nvidian/bignlp-training:22.06.10-py*1658454973.39369": 23.11}