{"train_time_metrics": {"nvcr.io/nvidian/bignlp-training:22.08.05-py": [1661760591.3285139, 23.32252199999999], "nvcr.io/nvidian/bignlp-training:22.06.10-py": [1658454973.39369, 23.11], "nvcr.io/nvidian/bignlp-training:22.08.11-py": [1663060563.760659, 22.355281599999998]}, "peak_memory_metrics": {"nvcr.io/nvidian/bignlp-training:22.08.11-py": [1663647017.678649, 24350.0]}}