{"best": 15.11, "nvcr.io/nvidian/bignlp-training:22.08.05-py*1661759476.3998334": 15.111417599999992, "nvcr.io/nvidian/bignlp-training:22.06.10-py*1658454973.39369": 15.11}