{"train_time_metrics": {"nvcr.io/nvidian/bignlp-training:22.08.05-py": [1661757881.1829796, 4.324543, 93.55], "nvcr.io/nvidian/bignlp-training:22.06.10-py": [1658454973.39369, 4.79, 84.46], "nvcr.io/nvidian/bignlp-training:22.08.11-py": [1663135921.3371239, 4.457945599999999, 90.75], "nvcr.io/nvidian/bignlp-training:22.09.05-py": [1664675379.1142335, 4.4913292, 94.72]}, "peak_memory_metrics": {"nvcr.io/nvidian/bignlp-training:22.09.05-py": [1665004885.257967, 43226.0]}}