{"best": 11.56, "nvcr.io/nvidian/bignlp-training:22.08.05-py*1661759056.2801878": 11.656584799999997, "nvcr.io/nvidian/bignlp-training:22.06.10-py*1658454973.39369": 11.56}