{"train_time_metrics": {"nvcr.io/nvidian/bignlp-training:22.08.05-py": [1661746177.9727476, 4.869397, 83.08], "nvcr.io/nvidian/bignlp-training:22.06.10-py": [1658454973.39369, 5.18, 78.1], "nvcr.io/nvidian/bignlp-training:22.08.11-py": [1663058486.0855682, 5.049767599999999, 80.11], "nvcr.io/nvidian/bignlp-training:22.09.05-py": [1664676049.2302077, 4.9653674, 85.68]}, "peak_memory_metrics": {"nvcr.io/nvidian/bignlp-training:22.09.05-py": [1664999487.0600274, 42660.0]}}