{"train_time_metrics": {"nvcr.io/nvidian/bignlp-training:22.08.05-py": [1661746036.7182963, 3.0105580000000005, 134.38], "nvcr.io/nvidian/bignlp-training:22.06.10-py": [1658454973.39369, 2.88, 140.47], "nvcr.io/nvidian/bignlp-training:22.08.11-py": [1663141694.2814412, 2.9473186000000005, 137.26], "nvcr.io/nvidian/bignlp-training:22.09.05-py": [1664674531.1801476, 2.9535153999999992, 144.03]}, "peak_memory_metrics": {}}