{"train_time_metrics": {"nvcr.io/nvidian/bignlp-training:22.08.05-py": [1661801295.8688233, 91.59906560000002], "nvcr.io/nvidian/bignlp-training:22.06.10-py": [1661657611.1243076, 91.36188480000001]}, "peak_memory_metrics": {}}