{"train_time_metrics": {"nvcr.io/nvidian/bignlp-training:22.08.11-py": [1663064241.2819061, 26.3671974, 159.22]}, "peak_memory_metrics": {"nvcr.io/nvidian/bignlp-train:22.09-5befb680": [1665102251.294102, 76148.0]}}