{"train_time_metrics": {"nvcr.io/nvidian/bignlp-training:22.08.11-py": [1663061698.8812287, 6.379618399999999, 167.78]}, "peak_memory_metrics": {"nvcr.io/nvidian/bignlp-train:22.09-5befb680": [1665102975.317367, 80186.0]}}