{"train_time_metrics": {"nvcr.io/nvidian/bignlp-training:22.06.10-py": [1661648584.084961, 24.024242799999996], "nvcr.io/nvidian/bignlp-training:22.08.11-py": [1663062865.771523, 34.88503320000001]}, "peak_memory_metrics": {"nvcr.io/nvidian/bignlp-training:22.08.11-py": [1663641463.8259046, 21272.0]}}