{"train_time_metrics": {"nvcr.io/nvidian/bignlp-training:22.08.05-py": [1661801295.8688233, 28.4422566, 105.84], "nvcr.io/nvidian/bignlp-training:22.06.10-py": [1661653243.9228024, 27.9962774, 107.53], "nvcr.io/nvidian/bignlp-training:22.08.11-py": [1663142468.1705887, 40.1305918, 106.69], "nvcr.io/nvidian/bignlp-train:22.09-5befb680": [1665155976.6809404, 40.454761000000005, 105.83]}, "peak_memory_metrics": {"nvcr.io/nvidian/bignlp-train:22.09-5befb680": [1665102533.4597147, 17208.0]}}
