{"train_time_metrics": {"nvcr.io/nvidian/bignlp-training:22.08.05-py": [1661801295.8688233, 20.129368571428575, 149.55], "nvcr.io/nvidian/bignlp-training:22.06.10-py": [1661652366.6692069, 20.397371896551718, 147.59]}, "peak_memory_metrics": {"nvcr.io/nvidian/bignlp-training:22.08.11-py": [1663712269.5568073, 3.0]}}