{"train_time_metrics": {"nvcr.io/nvidian/bignlp-training:22.08.05-py": [1661801295.8688233, 72.68516419999997, 165.67], "nvcr.io/nvidian/bignlp-training:22.06.10-py": [1661658022.7679558, 73.6194548, 163.57], "nvcr.io/nvidian/bignlp-training:22.08.11-py": [1663070636.2270713, 102.8394014, 166.53]}, "peak_memory_metrics": {"nvcr.io/nvidian/bignlp-train:22.09-5befb680": [1665103986.584752, 57478.0]}}