{"train_time_metrics": {"nvcr.io/nvidian/bignlp-training:22.08.11-py": [1663069715.2333899, 7.2365706]}, "peak_memory_metrics": {"nvcr.io/nvidian/bignlp-training:22.08.11-py": [1663652023.1396513, 45370.0]}}