{"train_time_metrics": {"nvcr.io/nvidian/bignlp-training:22.08.05-py": [1661801295.8688233, 19.391214400000003], "nvcr.io/nvidian/bignlp-training:22.06.10-py": [1661648117.6240032, 19.010084399999997]}, "peak_memory_metrics": {}}