{"train_time_metrics": {"nvcr.io/nvidian/bignlp-training:22.08.11-py": [1663139751.0880032, 28.70000839999999, 153.63]}, "peak_memory_metrics": {"nvcr.io/nvidian/bignlp-train:22.09-5befb680": [1665111215.217888, 11408.0]}}