{"train_time_metrics": {"nvcr.io/nvidian/bignlp-training:22.08.05-py": [1661801295.8688233, 79.17627166666666, 152.09], "nvcr.io/nvidian/bignlp-training:22.06.10-py": [1661659149.061733, 80.07057228070175, 150.39]}, "peak_memory_metrics": {"nvcr.io/nvidian/bignlp-train:22.09-5befb680": [1665102077.11812, 10136.0]}}