{"train_time_metrics": {"nvcr.io/nvidian/bignlp-training:22.08.11-py": [1663069715.2333899, 7.2365706, 138.17]}, "peak_memory_metrics": {"nvcr.io/nvidian/bignlp-train:22.09-5befb680": [1665105613.9572384, 19586.0]}}