{"train_time_metrics": {"nvcr.io/nvidian/bignlp-training:22.08.11-py": [1663141511.2302892, 103.0242136, 171.19], "nvcr.io/nvidian/bignlp-train:22.09-5befb680": [1665140191.65534, 104.37119919999999, 168.98]}, "peak_memory_metrics": {}}