{"train_time_metrics": {"nvcr.io/nvidian/bignlp-training:22.08.05-py": [1661801295.8688233, 20.8863276, 144.13], "nvcr.io/nvidian/bignlp-training:22.06.10-py": [1661652567.0707476, 20.632952, 145.9], "nvcr.io/nvidian/bignlp-training:22.08.11-py": [1663139361.7568593, 29.5123476, 145.07], "nvcr.io/nvidian/bignlp-train:22.09-5befb680": [1665152951.3236148, 29.719740399999996, 144.06]}, "peak_memory_metrics": {}}