{"train_time_metrics": {"nvcr.io/nvidian/bignlp-training:22.08.11-py": [1663141511.2302892, 103.0242136, 171.19]}, "peak_memory_metrics": {"nvcr.io/nvidian/bignlp-train:22.09-5befb680": [1665103503.953636, 64648.0]}}