{"train_time_metrics": {"nvcr.io/nvidian/bignlp-training:22.08.05-py": [1661801295.8688233, 0.12280679999999997], "nvcr.io/nvidian/bignlp-training:22.06.10-py": [1660274606.8682423, 0.12180559999999994], "nvcr.io/ea-bignlp/bignlp-training:22.08-py3": [1663194708.2204456, 0.1212596]}, "peak_memory_metrics": {}}