{"train_time_metrics": {"nvcr.io/nvidian/bignlp-training:22.08.05-py": [1661801295.8688233, 22.961341599999997, 131.11], "nvcr.io/nvidian/bignlp-training:22.06.10-py": [1661648641.8670018, 23.405026140350884, 128.62]}, "peak_memory_metrics": {"nvcr.io/nvidian/bignlp-train:22.09-5befb680": [1665102780.5735438, 411.0]}}