{"train_time_metrics": {"nvcr.io/nvidian/bignlp-training:22.08.11-py": [1663061698.8812287, 6.379618399999999]}, "peak_memory_metrics": {"nvcr.io/nvidian/bignlp-training:22.08.11-py": [1663640337.9825203, 77694.0]}}