{"train_time_metrics": {"nvcr.io/nvidian/bignlp-training:22.08.11-py": [1663141511.2302892, 103.0242136]}, "peak_memory_metrics": {"nvcr.io/nvidian/bignlp-training:22.08.11-py": [1663647179.8619032, 47732.0]}}