{"train_time_metrics": {"nvcr.io/nvidian/bignlp-training:22.08.05-py": [1661801295.8688233, 21.0260076, 143.18], "nvcr.io/nvidian/bignlp-training:22.06.10-py": [1661648332.7894604, 21.023093399999997, 143.2]}, "peak_memory_metrics": {"nvcr.io/nvidian/bignlp-training:22.08.11-py": [1663721190.953526, 3.0]}}