{"train_time_metrics": {"nvcr.io/nvidian/bignlp-training:22.08.05-py": [1661801295.8688233, 84.16967860000001], "nvcr.io/nvidian/bignlp-training:22.06.10-py": [1661659339.8680124, 84.65852100000001], "nvcr.io/nvidian/bignlp-training:22.08.11-py": [1663072178.1769624, 118.2479432]}, "peak_memory_metrics": {}}