{"train_time_metrics": {"nvcr.io/nvidian/bignlp-training:22.08.05-py": [1661801295.8688233, 84.77792, 142.04], "nvcr.io/nvidian/bignlp-training:22.06.10-py": [1661658138.8745751, 77.87498660000003, 154.63]}, "peak_memory_metrics": {"nvcr.io/nvidian/bignlp-train:22.09-5befb680": [1665102783.586428, 10136.0]}}