{"train_time_metrics": {"nvcr.io/nvidian/bignlp-training:22.08.05-py": [1661801295.8688233, 21.899141399999994, 137.47], "nvcr.io/nvidian/bignlp-training:22.06.10-py": [1661648198.1130147, 21.6999792, 138.73], "nvcr.io/nvidian/bignlp-training:22.08.11-py": [1663062596.2897696, 30.624988999999992, 139.8], "nvcr.io/nvidian/bignlp-train:22.09-5befb680": [1665156591.0322661, 30.597729400000006, 139.93]}, "peak_memory_metrics": {"nvcr.io/nvidian/bignlp-train:22.09-5befb680": [1665102853.5386746, 25772.0]}}
