{"train_time_metrics": {"nvcr.io/nvidian/bignlp-training:22.08.05-py": [1661801295.8688233, 19.391214400000003], "nvcr.io/nvidian/bignlp-training:22.06.10-py": [1661648117.6240032, 19.010084399999997], "nvcr.io/nvidian/bignlp-training:22.08.11-py": [1663140707.3007424, 26.965334800000004]}, "peak_memory_metrics": {}}