{"train_time_metrics": {"nvcr.io/nvidian/bignlp-training:22.08.05-py": [1661801295.8688233, 118.8792656], "nvcr.io/nvidian/bignlp-training:22.06.10-py": [1661664119.4829626, 118.0041116666667]}, "peak_memory_metrics": {}}