{"train_time_metrics": {"nvcr.io/nvidian/bignlp-training:22.08.11-py": [1663140367.3743732, 24.703440800000003]}, "peak_memory_metrics": {"nvcr.io/nvidian/bignlp-training:22.08.11-py": [1663644054.5824287, 79434.0]}}