{"train_time_metrics": {"nvcr.io/nvidian/bignlp-training:22.08.11-py": [1663064146.7532785, 24.004928200000005]}, "peak_memory_metrics": {"nvcr.io/nvidian/bignlp-training:22.08.11-py": [1663644363.943757, 47330.0]}}