{"train_time_metrics": {"nvcr.io/nvidian/bignlp-training:22.08.11-py": [1663139751.0880032, 28.70000839999999, 153.63]}, "peak_memory_metrics": {"nvcr.io/nvidian/bignlp-training:22.08.11-py": [1663736956.4651048, 41894.0]}}