{"train_time_metrics": {"nvcr.io/nvidian/bignlp-training:22.08.05-py": [1661801295.8688233, 27.1946702, 110.7], "nvcr.io/nvidian/bignlp-training:22.06.10-py": [1661656814.808554, 26.2758692, 114.57]}, "peak_memory_metrics": {"nvcr.io/nvidian/bignlp-train:22.09-5befb680": [1665101231.6209562, 1874.0]}}