{"train_time_metrics": {"nvcr.io/nvidian/bignlp-training:22.08.05-py": [1661801295.8688233, 19.391214400000003, 155.25], "nvcr.io/nvidian/bignlp-training:22.06.10-py": [1661648117.6240032, 19.010084399999997, 158.36], "nvcr.io/nvidian/bignlp-training:22.08.11-py": [1663140707.3007424, 26.965334800000004, 158.78]}, "peak_memory_metrics": {"nvcr.io/nvidian/bignlp-train:22.09-5befb680": [1665103198.9882433, 41554.0]}}