{"train_time_metrics": {"nvcr.io/nvidian/bignlp-training:22.08.05-py": [1661801295.8688233, 18.760287199999993, 160.47], "nvcr.io/nvidian/bignlp-training:22.06.10-py": [1661652252.3921618, 18.667577, 161.27], "nvcr.io/nvidian/bignlp-training:22.08.11-py": [1663061956.2705715, 26.359031200000004, 162.43]}, "peak_memory_metrics": {}}