{"train_time_metrics": {"nvcr.io/nvidian/bignlp-training:22.08.05-py": [1661801295.8688233, 31.141794799999985], "nvcr.io/nvidian/bignlp-training:22.06.10-py": [1661653871.604453, 31.102915599999996]}, "peak_memory_metrics": {"nvcr.io/nvidian/bignlp-training:22.08.11-py": [1663638955.7974741, 3.0]}}