{"train_time_metrics": {"nvcr.io/nvidian/bignlp-training:22.08.05-py": [1661801295.8688233, 0.12280679999999997], "nvcr.io/nvidian/bignlp-training:22.06.10-py": [1660274606.8682423, 0.12180559999999994]}, "peak_memory_metrics": {}}