{"train_time_metrics": {"nvcr.io/nvidian/bignlp-training:22.08.05-py": [1661801295.8688233, 33.43992780000001, 90.02], "nvcr.io/nvidian/bignlp-training:22.06.10-py": [1660296721.9682899, 32.02803480000001, 93.99], "nvcr.io/nvidian/bignlp-training:22.08.11-py": [1663065214.112774, 46.853381, 91.38], "nvcr.io/nvidian/bignlp-train:22.09-5befb680": [1665139000.975652, 47.807933999999996, 89.56]}, "peak_memory_metrics": {"nvcr.io/nvidian/bignlp-train:22.09-5befb680": [1665102609.9830937, 15556.0]}}
