{"train_time_metrics": {"nvcr.io/nvidian/bignlp-training:22.08.05-py": [1661801295.8688233, 117.95745280000001], "nvcr.io/nvidian/bignlp-training:22.06.10-py": [1661655778.9784827, 117.49223520000004]}, "peak_memory_metrics": {}}