{"train_time_metrics": {"nvcr.io/nvidian/bignlp-training:22.06.10-py": [1661648584.084961, 24.024242799999996, 125.31], "nvcr.io/nvidian/bignlp-training:22.08.11-py": [1663062865.771523, 34.88503320000001, 122.73], "nvcr.io/nvidian/bignlp-train:22.09-5befb680": [1665156598.0992901, 34.801824800000006, 123.03]}, "peak_memory_metrics": {"nvcr.io/nvidian/bignlp-train:22.09-5befb680": [1665103780.9782798, 22612.0]}}
