{"train_time_metrics": {"nvcr.io/nvidian/bignlp-training:22.08.05-py": [1661801295.8688233, 84.16967860000001, 143.06], "nvcr.io/nvidian/bignlp-training:22.06.10-py": [1661659339.8680124, 84.65852100000001, 142.24], "nvcr.io/nvidian/bignlp-training:22.08.11-py": [1663072178.1769624, 118.2479432, 144.83], "nvcr.io/nvidian/bignlp-train:22.09-5befb680": [1665145333.2146304, 120.71270759999999, 141.87]}, "peak_memory_metrics": {"nvcr.io/nvidian/bignlp-train:22.09-5befb680": [1665103234.030719, 37424.0]}}
