{"train_time_metrics": {"nvcr.io/nvidian/bignlp-training:22.08.05-py": [1661801295.8688233, 0.4502562000000001, 70.74], "nvcr.io/nvidian/bignlp-training:22.06.10-py": [1661648773.5653481, 0.4505199999999999, 70.7]}, "peak_memory_metrics": {"nvcr.io/nvidian/bignlp-train:22.09-5befb680": [1665101675.2312713, 21642.0]}}