{"train_time_metrics": {"nvcr.io/nvidian/bignlp-training:22.08.05-py": [1661801295.8688233, 92.2328096, 130.56], "nvcr.io/nvidian/bignlp-training:22.06.10-py": [1661661257.6630378, 91.66713589285712, 131.36]}, "peak_memory_metrics": {"nvcr.io/nvidian/bignlp-training:22.08.11-py": [1663638253.1438832, 5648.0]}}