{"train_time_metrics": {"nvcr.io/nvidian/bignlp-training:22.08.05-py": [1661801295.8688233, 23.23233], "nvcr.io/nvidian/bignlp-training:22.06.10-py": [1661648227.4207938, 20.2106156]}, "peak_memory_metrics": {"nvcr.io/nvidian/bignlp-training:22.08.11-py": [1663644308.6868994, 411.0]}}