{"train_time_metrics": {"nvcr.io/nvidian/bignlp-training:22.08.05-py": [1661801295.8688233, 36.09339759999998, 83.41], "nvcr.io/nvidian/bignlp-training:22.06.10-py": [1661653886.9450011, 34.8401548, 86.41]}, "peak_memory_metrics": {"nvcr.io/nvidian/bignlp-train:22.09-5befb680": [1665102071.9603362, 3.0]}}