{"train_time_metrics": {"nvcr.io/nvidian/bignlp-training:22.08.05-py": [1661739623.3077, 2.2390879999999993, 141.88], "nvcr.io/nvidian/bignlp-training:22.06.10-py": [1661663938.2817066, 2.2251424, 142.77], "nvcr.io/nvidian/bignlp-training:22.08.11-py": [1663140982.0927234, 2.4464023999999998, 129.85], "nvcr.io/nvidian/bignlp-training:22.09.05-py": [1664675915.9495382, 2.6027308, 122.06]}, "peak_memory_metrics": {"nvcr.io/nvidian/bignlp-training:22.08.11-py": [1663640589.4886773, 71176.0], "nvcr.io/nvidian/bignlp-training:22.09.05-py": [1664936972.8290136, 73280.0]}}