{"best": 2.2251424, "nvcr.io/nvidian/bignlp-training:22.08.05-py*1661739623.3077": 2.2390879999999993, "nvcr.io/nvidian/bignlp-training:22.06.10-py*1661663938.2817066": 2.2251424}