{"train_time_metrics": {"nvcr.io/nvidian/bignlp-training:22.08.05-py": [1661739804.8494499, 7.616340600000001, 166.84], "nvcr.io/nvidian/bignlp-training:22.06.10-py": [1660310918.5236347, 7.682781399999999, 165.4], "nvcr.io/nvidian/bignlp-training:22.08.11-py": [1663060243.1451328, 7.914909799999999, 160.55], "nvcr.io/nvidian/bignlp-training:22.09.05-py": [1664674800.7139454, 7.720816199999999, 164.58]}, "peak_memory_metrics": {}}