{"train_time_metrics": {"nvcr.io/nvidian/bignlp-training:22.08.05-py": [1661739804.8494499, 7.616340600000001], "nvcr.io/nvidian/bignlp-training:22.06.10-py": [1660310918.5236347, 7.682781399999999]}, "peak_memory_metrics": {}}