{"train_time_metrics": {"nvcr.io/nvidian/bignlp-training:22.08.11-py": [1663141299.4631357, 4.3977272, 84.26], "nvcr.io/nvidian/bignlp-training:22.09.05-py": [1664677233.7119088, 4.3597472, 84.99]}, "peak_memory_metrics": {"nvcr.io/nvidian/bignlp-training:22.09.05-py": [1665006323.6577427, 67304.0]}}