{"train_time_metrics": {"nvcr.io/nvidian/bignlp-training:22.08.05-py": [1661740258.922377, 11.665303, 127.06], "nvcr.io/nvidian/bignlp-training:22.06.10-py": [1661650624.0642285, 12.086165800000003, 122.63], "nvcr.io/nvidian/bignlp-training:22.08.11-py": [1663140840.2169626, 12.186193400000002, 121.63], "nvcr.io/nvidian/bignlp-training:22.09.05-py": [1664676579.0550683, 12.094736400000002, 122.54]}, "peak_memory_metrics": {"nvcr.io/nvidian/bignlp-training:22.08.11-py": [1663642041.0122235, 65150.0]}}