{"train_time_metrics": {"nvcr.io/nvidian/bignlp-training:22.08.05-py": [1661736943.577715, 1.1324386000000002], "nvcr.io/nvidian/bignlp-training:22.06.10-py": [1661645394.0525074, 1.1367369999999997], "nvcr.io/nvidian/bignlp-training:22.08.11-py": [1663057765.7721179, 1.1502516]}, "peak_memory_metrics": {}}