{"train_time_metrics": {"nvcr.io/nvidian/bignlp-training:22.08.05-py": [1661738678.3500082, 0.3022427999999999], "nvcr.io/nvidian/bignlp-training:22.06.10-py": [1661645072.722244, 0.3001972], "nvcr.io/nvidian/bignlp-training:22.08.11-py": [1663058410.1607437, 0.31588980000000005]}, "peak_memory_metrics": {"nvcr.io/nvidian/bignlp-training:22.08.11-py": [1663644701.5787916, 35658.0]}}