{"train_time_metrics": {"nvcr.io/nvidian/bignlp-training:22.08.05-py": [1661736943.577715, 1.1324386000000002, 115.69], "nvcr.io/nvidian/bignlp-training:22.06.10-py": [1661645394.0525074, 1.1367369999999997, 115.25], "nvcr.io/nvidian/bignlp-training:22.08.11-py": [1663057765.7721179, 1.1502516, 113.9], "nvcr.io/nvidian/bignlp-training:22.09.05-py": [1664674061.284002, 1.1330777999999995, 115.62]}, "peak_memory_metrics": {"nvcr.io/nvidian/bignlp-training:22.09.05-py": [1664998679.122956, 38188.0]}}