{"train_time_metrics": {"nvcr.io/nvidian/bignlp-training:22.08.05-py": [1661738678.3500082, 0.3022427999999999, 108.37], "nvcr.io/nvidian/bignlp-training:22.06.10-py": [1661645072.722244, 0.3001972, 109.1], "nvcr.io/nvidian/bignlp-training:22.08.11-py": [1663058410.1607437, 0.31588980000000005, 103.68], "nvcr.io/nvidian/bignlp-training:22.09.05-py": [1664674604.8322835, 0.3052684, 107.29]}, "peak_memory_metrics": {"nvcr.io/nvidian/bignlp-training:22.08.11-py": [1663644701.5787916, 35658.0], "nvcr.io/nvidian/bignlp-training:22.09.05-py": [1664936226.117138, 38328.0]}}