{"train_time_metrics": {"nvcr.io/nvidian/bignlp-training:22.08.05-py": [1661738678.3500082, 0.3022427999999999], "nvcr.io/nvidian/bignlp-training:22.06.10-py": [1661645072.722244, 0.3001972], "nvcr.io/ea-bignlp/bignlp-training:22.08-py3": [1663194744.972633, 0.31204]}, "peak_memory_metrics": {}}