{"train_time_metrics": {"nvcr.io/nvidian/bignlp-training:22.08.05-py": [1661739285.842786, 2.864872200000001, 141.21], "nvcr.io/nvidian/bignlp-training:22.06.10-py": [1661655551.090195, 2.8262935999999996, 143.14], "nvcr.io/nvidian/bignlp-training:22.08.11-py": [1663140116.0995615, 2.8880499999999993, 140.08], "nvcr.io/nvidian/bignlp-training:22.09.05-py": [1664674426.485654, 2.9143856, 138.81], "nvcr.io/nvidian/bignlp-train:22.10-b937171d": [1670665092.0264318, 3.4331867999999996, 117.84]}, "peak_memory_metrics": {"nvcr.io/nvidian/bignlp-training:22.09.05-py": [1664998213.0891042, 72408.0]}}