{"train_time_metrics": {"nvcr.io/nvidian/bignlp-training:22.08.05-py": [1661739887.3058903, 14.066905200000003, 115.04], "nvcr.io/nvidian/bignlp-training:22.06.10-py": [1661657680.5393636, 14.002454400000003, 115.57], "nvcr.io/nvidian/bignlp-training:22.08.11-py": [1663142093.3148909, 14.037351, 115.28], "nvcr.io/nvidian/bignlp-training:22.09.05-py": [1664675771.2732239, 14.036083799999998, 115.29]}, "peak_memory_metrics": {"nvcr.io/nvidian/bignlp-training:22.08.11-py": [1663646492.42252, 39326.0]}}