{"train_time_metrics": {"nvcr.io/nvidian/bignlp-training:22.08.05-py": [1661738993.9258516, 7.143635999999999, 56.63], "nvcr.io/nvidian/bignlp-training:22.06.10-py": [1661664577.6942632, 7.1592916, 56.51], "nvcr.io/nvidian/bignlp-training:22.08.11-py": [1663140503.3913686, 7.109567999999997, 56.9], "nvcr.io/nvidian/bignlp-training:22.09.05-py": [1664675039.3679657, 7.045989999999998, 57.42], "nvcr.io/nvidian/bignlp-train:22.10-b937171d": [1670668220.4247766, 10.005053400000001, 40.43]}, "peak_memory_metrics": {"nvcr.io/nvidian/bignlp-training:22.09.05-py": [1664999384.6809273, 27198.0]}}