{"train_time_metrics": {"nvcr.io/nvidian/bignlp-training:22.08.05-py": [1661739391.3749146, 3.7854298, 106.87], "nvcr.io/nvidian/bignlp-training:22.08.11-py": [1663059551.121684, 3.7362297999999994, 108.28], "nvcr.io/nvidian/bignlp-training:22.09.05-py": [1664674359.405041, 3.8284008, 105.67]}, "peak_memory_metrics": {"nvcr.io/nvidian/bignlp-training:22.08.11-py": [1663639673.1001792, 33522.0]}}