{"train_time_metrics": {"nvcr.io/nvidian/bignlp-training:22.08.05-py": [1661739160.1177924, 3.540919], "nvcr.io/nvidian/bignlp-training:22.06.10-py": [1661664046.7942975, 3.4942336], "nvcr.io/nvidian/bignlp-training:22.08.11-py": [1663140143.4849596, 3.551074600000001]}, "peak_memory_metrics": {"nvcr.io/nvidian/bignlp-training:22.08.11-py": [1663639553.4638374, 64642.0]}}