{"train_time_metrics": {"nvcr.io/nvidian/bignlp-training:22.06.10-py": [1661664248.386098, 4.775958999999999, 84.71], "nvcr.io/nvidian/bignlp-training:22.08.11-py": [1663141082.459274, 4.749533199999999, 85.18], "nvcr.io/nvidian/bignlp-training:22.09.05-py": [1664675200.042112, 4.785256, 84.54]}, "peak_memory_metrics": {"nvcr.io/nvidian/bignlp-training:22.09.05-py": [1664997902.063893, 39452.0]}}