{"train_time_metrics": {"nvcr.io/nvidian/bignlp-training:22.08.05-py": [1661739207.490867, 4.411308, 91.71], "nvcr.io/nvidian/bignlp-training:22.08.11-py": [1663059883.7524438, 4.474798, 90.41], "nvcr.io/nvidian/bignlp-training:22.09.05-py": [1664675391.657534, 4.4788566, 90.32]}, "peak_memory_metrics": {"nvcr.io/nvidian/bignlp-training:22.08.11-py": [1663646731.454764, 36164.0], "nvcr.io/nvidian/bignlp-training:22.09.05-py": [1664925504.8140461, 35508.0]}}