{"train_time_metrics": {"nvcr.io/nvidian/bignlp-training:22.08.05-py": [1661738887.2338126, 3.3683350000000005, 120.1], "nvcr.io/nvidian/bignlp-training:22.06.10-py": [1661664032.5359712, 3.3665506000000005, 120.17], "nvcr.io/nvidian/bignlp-training:22.08.11-py": [1663059477.4885185, 3.4007762, 118.96], "nvcr.io/nvidian/bignlp-training:22.09.05-py": [1664674334.1695328, 3.4191992, 118.32]}, "peak_memory_metrics": {"nvcr.io/nvidian/bignlp-training:22.08.11-py": [1663639356.1001627, 61316.0], "nvcr.io/nvidian/bignlp-training:22.09.05-py": [1664936278.827858, 64490.0]}}