{"train_time_metrics": {"nvcr.io/nvidian/bignlp-training:22.08.05-py": [1661739178.4138603, 3.7087810000000005, 109.08], "nvcr.io/nvidian/bignlp-training:22.06.10-py": [1661664103.6319127, 3.6677790000000012, 110.3], "nvcr.io/nvidian/bignlp-training:22.08.11-py": [1663141776.5436995, 3.7306234000000007, 108.44], "nvcr.io/nvidian/bignlp-training:22.09.05-py": [1664674403.161326, 3.6817085999999994, 109.88]}, "peak_memory_metrics": {"nvcr.io/nvidian/bignlp-training:22.08.11-py": [1663642926.1338747, 59620.0], "nvcr.io/nvidian/bignlp-training:22.09.05-py": [1664914772.994078, 59104.0]}}