{"train_time_metrics": {"nvcr.io/nvidian/bignlp-training:22.08.11-py": [1663060421.882002, 0.673572, 120.12], "nvcr.io/nvidian/bignlp-training:22.09.05-py": [1665005959.3471048, 0.6609073999999998, 122.42], "nvcr.io/nvidian/bignlp-train:22.10-b937171d": [1670664777.0920808, 0.7762850000000001, 104.23]}, "peak_memory_metrics": {"nvcr.io/nvidian/bignlp-training:22.09.05-py": [1665006943.753014, 62338.0]}}