{"train_time_metrics": {"nvcr.io/nvidian/bignlp-training:22.08.05-py": [1661738993.9258516, 7.143635999999999], "nvcr.io/nvidian/bignlp-training:22.06.10-py": [1661664577.6942632, 7.1592916], "nvcr.io/nvidian/bignlp-training:22.08.11-py": [1663140503.3913686, 7.109567999999997]}, "peak_memory_metrics": {"nvcr.io/nvidian/bignlp-training:22.08.11-py": [1663641758.748481, 1154.0]}}