{"train_time_metrics": {"nvcr.io/nvidian/bignlp-training:22.08.05-py": [1661739554.7827632, 5.1714022, 78.23], "nvcr.io/nvidian/bignlp-training:22.06.10-py": [1661663083.516812, 5.157664799999999, 78.44], "nvcr.io/nvidian/bignlp-training:22.08.11-py": [1663140432.289366, 5.200267200000001, 77.79], "nvcr.io/nvidian/bignlp-training:22.09.05-py": [1664674555.8853447, 5.155743599999999, 78.47]}, "peak_memory_metrics": {"nvcr.io/nvidian/bignlp-training:22.09.05-py": [1664998017.226522, 24980.0]}}