{"train_time_metrics": {"nvcr.io/nvidian/bignlp-training:22.08.05-py": [1661740773.5769694, 21.726951000000003, 74.48], "nvcr.io/nvidian/bignlp-training:22.06.10-py": [1661646805.1500685, 21.6249296, 74.83], "nvcr.io/nvidian/bignlp-training:22.08.11-py": [1663142235.9574592, 21.511521600000005, 75.23]}, "peak_memory_metrics": {"nvcr.io/nvidian/bignlp-training:22.08.11-py": [1663628928.1605628, 26132.0]}}