{"train_time_metrics": {"nvcr.io/nvidian/bignlp-training:22.08.05-py": [1661739646.290021, 5.909569400000001, 68.46], "nvcr.io/nvidian/bignlp-training:22.06.10-py": [1661656436.3846729, 5.879697368421051, 68.8], "nvcr.io/nvidian/bignlp-training:22.08.11-py": [1663059763.5173151, 5.6724674, 71.32], "nvcr.io/nvidian/bignlp-training:22.09.05-py": [1664674941.6350236, 5.934898799999998, 68.17]}, "peak_memory_metrics": {}}