{"train_time_metrics": {"nvcr.io/nvidian/bignlp-training:22.08.05-py": [1661738903.8857815, 4.254934], "nvcr.io/nvidian/bignlp-training:22.06.10-py": [1661654447.4091735, 4.288887600000001]}, "peak_memory_metrics": {}}