{"train_time_metrics": {"nvcr.io/nvidian/bignlp-training:22.08.05-py": [1661739818.451166, 13.972481799999995], "nvcr.io/nvidian/bignlp-training:22.06.10-py": [1661655418.0907366, 13.90806839285714], "nvcr.io/nvidian/bignlp-training:22.08.11-py": [1663060752.480982, 13.871202199999997]}, "peak_memory_metrics": {"nvcr.io/nvidian/bignlp-training:22.08.11-py": [1663633555.4629087, 33838.0]}}