{"train_time_metrics": {"nvcr.io/nvidian/bignlp-training:22.08.05-py": [1661739426.297016, 10.617320200000002], "nvcr.io/nvidian/bignlp-training:22.06.10-py": [1661644528.0402107, 10.644228448275861]}, "peak_memory_metrics": {}}