{"train_time_metrics": {"nvcr.io/nvidian/bignlp-training:22.08.05-py": [1661739715.5640633, 0.6067372, 133.35], "nvcr.io/nvidian/bignlp-training:22.08.11-py": [1663060421.882002, 0.673572, 120.12]}, "peak_memory_metrics": {"nvcr.io/nvidian/bignlp-training:22.08.11-py": [1663640260.1910884, 59668.0], "nvcr.io/nvidian/bignlp-training:22.09.05-py": [1664936646.502186, 62252.0]}}