{"train_time_metrics": {"nvcr.io/nvidian/bignlp-training:22.08.05-py": [1661739193.7859757, 4.558002, 88.76], "nvcr.io/nvidian/bignlp-training:22.06.10-py": [1661664191.8509283, 4.589833200000001, 88.14], "nvcr.io/nvidian/bignlp-training:22.08.11-py": [1663139959.9364004, 4.6007630000000015, 87.93], "nvcr.io/nvidian/bignlp-training:22.09.05-py": [1665003239.8362556, 4.589523200000001, 88.15]}, "peak_memory_metrics": {"nvcr.io/nvidian/bignlp-training:22.09.05-py": [1665012582.300574, 43176.0]}}