{"train_time_metrics": {"nvcr.io/nvidian/bignlp-training:22.08.05-py": [1661739401.5302684, 3.773463199999999], "nvcr.io/nvidian/bignlp-training:22.06.10-py": [1661654359.0846994, 3.7200281999999993]}, "peak_memory_metrics": {}}