{"train_time_metrics": {"nvcr.io/nvidian/bignlp-training:22.08.05-py": [1661738903.8857815, 4.254934, 95.08], "nvcr.io/nvidian/bignlp-training:22.06.10-py": [1661654447.4091735, 4.288887600000001, 94.33], "nvcr.io/nvidian/bignlp-training:22.08.11-py": [1663140254.4400306, 4.2955072, 94.18], "nvcr.io/nvidian/bignlp-training:22.09.05-py": [1665005024.2085104, 4.2744018, 94.65]}, "peak_memory_metrics": {"nvcr.io/nvidian/bignlp-training:22.09.05-py": [1665010760.649484, 41052.0]}}