{"train_time_metrics": {"nvcr.io/nvidian/bignlp-training:22.08.05-py": [1661738596.8993483, 2.6179476, 154.53], "nvcr.io/nvidian/bignlp-training:22.06.10-py": [1661663956.1209986, 2.6085896, 155.08], "nvcr.io/nvidian/bignlp-training:22.08.11-py": [1663139686.692036, 2.655696200000001, 152.33], "nvcr.io/nvidian/bignlp-training:22.09.05-py": [1664675029.7121966, 2.6224594000000003, 154.26]}, "peak_memory_metrics": {"nvcr.io/nvidian/bignlp-training:22.08.11-py": [1663639290.027577, 59834.0], "nvcr.io/nvidian/bignlp-training:22.09.05-py": [1664936256.278243, 62312.0]}}