{"train_time_metrics": {"nvcr.io/nvidian/bignlp-training:22.06.10-py": [1660293823.099154, 10.020006399999998, 161.5], "nvcr.io/nvidian/bignlp-training:22.08.11-py": [1663141580.3396802, 10.102848399999997, 160.17], "nvcr.io/nvidian/bignlp-training:22.09.05-py": [1664675254.9941044, 10.112106999999998, 160.03]}, "peak_memory_metrics": {"nvcr.io/nvidian/bignlp-training:22.09.05-py": [1664998075.9514666, 62816.0]}}