{"train_time_metrics": {"nvcr.io/nvidian/bignlp-training:22.08.05-py": [1661739253.261054, 6.5998719999999995], "nvcr.io/nvidian/bignlp-training:22.06.10-py": [1661654791.351398, 6.597001799999999], "nvcr.io/nvidian/bignlp-training:22.08.11-py": [1663142340.3134208, 6.559204200000003]}, "peak_memory_metrics": {}}