{"train_time_metrics": {"nvcr.io/nvidian/bignlp-training:22.08.05-py": [1661739554.7827632, 5.1714022], "nvcr.io/nvidian/bignlp-training:22.06.10-py": [1661663083.516812, 5.157664799999999], "nvcr.io/nvidian/bignlp-training:22.08.11-py": [1663140432.289366, 5.200267200000001]}, "peak_memory_metrics": {}}