{"train_time_metrics": {"nvcr.io/nvidian/bignlp-training:22.08.05-py": [1661739441.3621848, 10.608178000000004, 152.54], "nvcr.io/nvidian/bignlp-training:22.06.10-py": [1661651426.5962713, 10.654312999999997, 151.88], "nvcr.io/nvidian/bignlp-training:22.08.11-py": [1663140960.6110556, 10.737047800000001, 150.71], "nvcr.io/nvidian/bignlp-training:22.09.05-py": [1664675161.218827, 10.783373, 150.07]}, "peak_memory_metrics": {}}