{"train_time_metrics": {"nvcr.io/nvidian/bignlp-training:22.08.05-py": [1661740552.822884, 19.814589599999998], "nvcr.io/nvidian/bignlp-training:22.06.10-py": [1661664761.3602817, 19.9954034], "nvcr.io/nvidian/bignlp-training:22.08.11-py": [1663142177.7530572, 19.8149534]}, "peak_memory_metrics": {"nvcr.io/nvidian/bignlp-training:22.08.11-py": [1663646213.092891, 24632.0]}}