{"train_time_metrics": {"nvcr.io/nvidian/bignlp-training:22.08.05-py": [1661739426.297016, 10.617320200000002, 152.41], "nvcr.io/nvidian/bignlp-training:22.06.10-py": [1661644528.0402107, 10.644228448275861, 152.03], "nvcr.io/nvidian/bignlp-training:22.08.11-py": [1663140714.1748908, 10.6549018, 151.87], "nvcr.io/nvidian/bignlp-training:22.09.05-py": [1664675146.8628767, 10.697386800000002, 151.27]}, "peak_memory_metrics": {}}