{"train_time_metrics": {"nvcr.io/nvidian/bignlp-training:22.08.05-py": [1661739646.290021, 5.909569400000001], "nvcr.io/nvidian/bignlp-training:22.06.10-py": [1661656436.3846729, 5.879697368421051], "nvcr.io/nvidian/bignlp-training:22.08.11-py": [1663059763.5173151, 5.6724674]}, "peak_memory_metrics": {"nvcr.io/nvidian/bignlp-training:22.08.11-py": [1663640423.660955, 23122.0]}}