{"train_time_metrics": {"nvcr.io/nvidian/bignlp-training:22.08.05-py": [1661738596.8993483, 2.6179476], "nvcr.io/nvidian/bignlp-training:22.06.10-py": [1661663956.1209986, 2.6085896], "nvcr.io/nvidian/bignlp-training:22.08.11-py": [1663139686.692036, 2.655696200000001]}, "peak_memory_metrics": {"nvcr.io/nvidian/bignlp-training:22.08.11-py": [1663639290.027577, 59834.0]}}