{"train_time_metrics": {"nvcr.io/nvidian/bignlp-training:22.06.10-py": [1661664248.386098, 4.775958999999999], "nvcr.io/nvidian/bignlp-training:22.08.11-py": [1663141082.459274, 4.749533199999999]}, "peak_memory_metrics": {"nvcr.io/nvidian/bignlp-training:22.08.11-py": [1663639863.044237, 37782.0]}}