{"train_time_metrics": {"nvcr.io/nvidian/bignlp-training:22.08.05-py": [1661738917.3342361, 6.356952999999999], "nvcr.io/nvidian/bignlp-training:22.06.10-py": [1661664423.697396, 6.328818]}, "peak_memory_metrics": {}}