{"train_time_metrics": {"nvcr.io/nvidian/bignlp-training:22.08.05-py": [1661740762.5669837, 21.588371799999994], "nvcr.io/nvidian/bignlp-training:22.06.10-py": [1661656359.3791897, 21.56568054545454], "nvcr.io/nvidian/bignlp-training:22.08.11-py": [1663143048.0734453, 21.394655999999994]}, "peak_memory_metrics": {"nvcr.io/nvidian/bignlp-training:22.08.11-py": [1663651055.3802211, 23180.0]}}