{"train_time_metrics": {"nvcr.io/nvidian/bignlp-training:22.08.05-py": [1661741454.0939872, 13.071598599999993, 123.8], "nvcr.io/nvidian/bignlp-training:22.06.10-py": [1661647169.950706, 13.053443200000004, 123.97], "nvcr.io/nvidian/bignlp-training:22.08.11-py": [1663142865.441817, 13.016131600000001, 124.32], "nvcr.io/nvidian/bignlp-training:22.09.05-py": [1664677203.420923, 13.054424600000003, 123.96]}, "peak_memory_metrics": {}}