{"train_time_metrics": {"nvcr.io/nvidian/bignlp-training:22.08.05-py": [1661739193.7859757, 4.558002], "nvcr.io/nvidian/bignlp-training:22.06.10-py": [1661664191.8509283, 4.589833200000001], "nvcr.io/nvidian/bignlp-training:22.08.11-py": [1663139959.9364004, 4.6007630000000015]}, "peak_memory_metrics": {}}