{"train_time_metrics": {"nvcr.io/nvidian/bignlp-training:22.08.05-py": [1661738917.3342361, 6.356952999999999, 63.64], "nvcr.io/nvidian/bignlp-training:22.06.10-py": [1661664423.697396, 6.328818, 63.92], "nvcr.io/nvidian/bignlp-training:22.08.11-py": [1663059929.3857417, 6.3130974, 64.08], "nvcr.io/nvidian/bignlp-training:22.09.05-py": [1664674764.9604955, 6.2612412, 64.61], "nvcr.io/nvidian/bignlp-train:22.10-b937171d": [1670669488.3517573, 9.208006000000001, 43.93]}, "peak_memory_metrics": {"nvcr.io/nvidian/bignlp-training:22.09.05-py": [1665002411.895488, 28116.0]}}