{"train_time_metrics": {"nvcr.io/nvidian/bignlp-training:22.08.05-py": [1661739818.451166, 13.972481799999995], "nvcr.io/nvidian/bignlp-training:22.06.10-py": [1661655418.0907366, 13.90806839285714]}, "peak_memory_metrics": {}}