{"train_time_metrics": {"nvcr.io/nvidian/bignlp-training:22.08.05-py": [1661739627.2522342, 5.982825199999999, 67.62], "nvcr.io/nvidian/bignlp-training:22.06.10-py": [1661650874.7104638, 5.919517599999999, 68.34], "nvcr.io/nvidian/bignlp-training:22.08.11-py": [1663059081.9562614, 5.7682702, 70.13], "nvcr.io/nvidian/bignlp-training:22.09.05-py": [1664674647.9177403, 5.980814199999998, 67.64]}, "peak_memory_metrics": {"nvcr.io/nvidian/bignlp-training:22.09.05-py": [1665002363.174044, 26576.0]}}