{"train_time_metrics": {"nvcr.io/nvidian/bignlp-training:22.08.05-py": [1661738627.121532, 2.8496799999999998, 141.96], "nvcr.io/nvidian/bignlp-training:22.06.10-py": [1661648538.3877783, 2.838444915254238, 142.53], "nvcr.io/nvidian/bignlp-training:22.08.11-py": [1663059565.2390745, 2.8603477999999996, 141.43], "nvcr.io/nvidian/bignlp-training:22.09.05-py": [1664674238.5046105, 2.9033624000000002, 139.34]}, "peak_memory_metrics": {"nvcr.io/nvidian/bignlp-training:22.08.11-py": [1663644290.96608, 54510.0], "nvcr.io/nvidian/bignlp-training:22.09.05-py": [1664935148.432416, 61098.0]}}