{"train_time_metrics": {"nvcr.io/nvidian/bignlp-training:22.08.05-py": [1661739160.1177924, 3.540919, 114.25], "nvcr.io/nvidian/bignlp-training:22.06.10-py": [1661664046.7942975, 3.4942336, 115.78], "nvcr.io/nvidian/bignlp-training:22.08.11-py": [1663140143.4849596, 3.551074600000001, 113.92], "nvcr.io/nvidian/bignlp-training:22.09.05-py": [1664674517.915072, 3.5263625999999992, 114.72]}, "peak_memory_metrics": {"nvcr.io/nvidian/bignlp-training:22.09.05-py": [1665002347.259395, 69274.0]}}