{"train_time_metrics": {"nvcr.io/nvidian/bignlp-training:22.08.05-py": [1661739203.0759337, 2.1211032, 152.58], "nvcr.io/nvidian/bignlp-training:22.08.11-py": [1663139287.5899246, 2.137822, 151.39], "nvcr.io/nvidian/bignlp-training:22.09.05-py": [1664674161.078334, 2.1401826, 151.22]}, "peak_memory_metrics": {"nvcr.io/nvidian/bignlp-training:22.09.05-py": [1664999342.8063006, 62328.0]}}