{"train_time_metrics": {"nvcr.io/nvidian/bignlp-training:22.08.05-py": [1661740552.822884, 19.814589599999998, 81.67], "nvcr.io/nvidian/bignlp-training:22.06.10-py": [1661664761.3602817, 19.9954034, 80.93], "nvcr.io/nvidian/bignlp-training:22.08.11-py": [1663142177.7530572, 19.8149534, 81.67], "nvcr.io/nvidian/bignlp-training:22.09.05-py": [1664676370.2612333, 19.6314514, 82.43]}, "peak_memory_metrics": {}}