{"train_time_metrics": {"nvcr.io/nvidian/bignlp-training:22.08.05-py": [1661739391.3749146, 3.7854298, 106.87], "nvcr.io/nvidian/bignlp-training:22.08.11-py": [1663059551.121684, 3.7362297999999994, 108.28], "nvcr.io/nvidian/bignlp-training:22.09.05-py": [1664674359.405041, 3.8284008, 105.67], "nvcr.io/nvidian/bignlp-train:22.10-b937171d": [1670664822.991937, 5.381183999999999, 75.18]}, "peak_memory_metrics": {"nvcr.io/nvidian/bignlp-training:22.09.05-py": [1664998459.6661901, 36552.0]}}