{"train_time_metrics": {"nvcr.io/nvidian/bignlp-training:22.08.05-py": [1661738627.121532, 2.8496799999999998], "nvcr.io/nvidian/bignlp-training:22.06.10-py": [1661648538.3877783, 2.838444915254238]}, "peak_memory_metrics": {}}