{"train_time_metrics": {"nvcr.io/nvidian/bignlp-training:22.08.05-py": [1661739253.261054, 6.5998719999999995, 61.3], "nvcr.io/nvidian/bignlp-training:22.06.10-py": [1661654791.351398, 6.597001799999999, 61.32], "nvcr.io/nvidian/bignlp-training:22.08.11-py": [1663142340.3134208, 6.559204200000003, 61.68], "nvcr.io/nvidian/bignlp-training:22.09.05-py": [1664674993.1631439, 6.5892708, 61.4]}, "peak_memory_metrics": {"nvcr.io/nvidian/bignlp-training:22.08.11-py": [1663646033.2988205, 25860.0], "nvcr.io/nvidian/bignlp-training:22.09.05-py": [1664935308.9055388, 26370.0]}}