{"train_time_metrics": {"nvcr.io/nvidian/bignlp-training:22.08.05-py": [1661738903.8857815, 4.254934], "nvcr.io/nvidian/bignlp-training:22.06.10-py": [1661654447.4091735, 4.288887600000001], "nvcr.io/nvidian/bignlp-training:22.08.11-py": [1663140254.4400306, 4.2955072]}, "peak_memory_metrics": {}}