{"train_time_metrics": {"nvcr.io/nvidian/bignlp-training:22.08.05-py": [1661739426.297016, 10.617320200000002], "nvcr.io/nvidian/bignlp-training:22.06.10-py": [1661644528.0402107, 10.644228448275861], "nvcr.io/nvidian/bignlp-training:22.08.11-py": [1663140714.1748908, 10.6549018]}, "peak_memory_metrics": {"nvcr.io/nvidian/bignlp-training:22.08.11-py": [1663639945.974164, 55400.0]}}