{"train_time_metrics": {"nvcr.io/nvidian/bignlp-training:22.08.05-py": [1661741454.0939872, 13.071598599999993], "nvcr.io/nvidian/bignlp-training:22.06.10-py": [1661647169.950706, 13.053443200000004]}, "peak_memory_metrics": {}}