{"train_time_metrics": {"nvcr.io/nvidian/bignlp-training:22.06.10-py": [1661650929.0862863, 20.079318800000006, 141.34], "nvcr.io/nvidian/bignlp-training:22.08.11-py": [1663062081.6489573, 20.195431600000006, 140.52], "nvcr.io/nvidian/bignlp-training:22.09.05-py": [1664676150.9183073, 19.9295488, 142.4], "nvcr.io/nvidian/bignlp-train:22.10-b937171d": [1670666174.0831726, 17.344216799999995, 163.62]}, "peak_memory_metrics": {"nvcr.io/nvidian/bignlp-training:22.09.05-py": [1665004032.1644807, 71618.0]}}