{"train_time_metrics": {"nvcr.io/nvidian/bignlp-training:22.08.11-py": [1663141090.664682, 6.008657199999999, 118.08], "nvcr.io/nvidian/bignlp-training:22.09.05-py": [1665006215.637695, 6.073482799999999, 116.82]}, "peak_memory_metrics": {"nvcr.io/nvidian/bignlp-training:22.09.05-py": [1664999537.5538855, 71646.0]}}