{"train_time_metrics": {"nvcr.io/nvidian/bignlp-training:22.08.05-py": [1661739613.2907283, 5.6867, 124.76], "nvcr.io/nvidian/bignlp-training:22.08.11-py": [1663141090.664682, 6.008657199999999, 118.08], "nvcr.io/nvidian/bignlp-training:22.09.05-py": [1665006215.637695, 6.073482799999999, 116.82]}, "peak_memory_metrics": {}}