{"train_time_metrics": {"nvcr.io/nvidian/bignlp-training:22.08.05-py": [1661739528.107008, 19.846789, 142.99], "nvcr.io/nvidian/bignlp-training:22.06.10-py": [1661650929.0862863, 20.079318800000006, 141.34], "nvcr.io/nvidian/bignlp-training:22.08.11-py": [1663062081.6489573, 20.195431600000006, 140.52], "nvcr.io/nvidian/bignlp-training:22.09.05-py": [1664676150.9183073, 19.9295488, 142.4]}, "peak_memory_metrics": {"nvcr.io/nvidian/bignlp-training:22.08.11-py": [1663648388.0393727, 69092.0]}}